{
  "TADN-full": {
    "center_loss": 3.170848560333252,
    "loss_min": 3.170848560333252,
    "loss_max": 55.208430480957034,
    "loss_range": 52.03758192062378,
    "loss_mean": 29.040362178869973,
    "loss_median": 29.364962768554687,
    "roughness": 0.38366146617759134,
    "quad_roughness": 1.8794784004137153,
    "kappa_1": 42.08122108527032,
    "kappa_2": 39.71227391831726,
    "curvature_ratio": 1.0596527706199776,
    "basin_area_fraction": 0.01768990634755463,
    "basin_diameter": 0.3101617661120852,
    "basin_flatness": 2.952649099686566,
    "asymmetry_alpha": 1.7635548082987458,
    "convexity_ratio": 0.6740823136818688,
    "grid_range": 1.0
  },
  "TADN-layer": {
    "center_loss": 3.170848560333252,
    "loss_min": 3.170848560333252,
    "loss_max": 51.548448181152345,
    "loss_range": 48.37759962081909,
    "loss_mean": 27.9171365421843,
    "loss_median": 28.217924499511717,
    "roughness": 0.3519001855271847,
    "quad_roughness": 1.8455315089212487,
    "kappa_1": 38.36770015043195,
    "kappa_2": 35.97798282691282,
    "curvature_ratio": 1.0664216594607103,
    "basin_area_fraction": 0.014568158168574402,
    "basin_diameter": 0.2814672163763168,
    "basin_flatness": 2.634746527671813,
    "asymmetry_alpha": 1.832724682490031,
    "convexity_ratio": 0.628476084538376,
    "grid_range": 1.0
  },
  "TADN-block": {
    "center_loss": 3.170848560333252,
    "loss_min": 3.170848560333252,
    "loss_max": 31.11874351501465,
    "loss_range": 27.9478949546814,
    "loss_mean": 23.15844766714074,
    "loss_median": 23.474648666381835,
    "roughness": 0.4462782240254967,
    "quad_roughness": 1.8780863201579716,
    "kappa_1": 14.66853713837085,
    "kappa_2": 13.641794118799648,
    "curvature_ratio": 1.0752645151013331,
    "basin_area_fraction": 0.009365244536940686,
    "basin_diameter": 0.22567583341910252,
    "basin_flatness": 1.4593978775872123,
    "asymmetry_alpha": 2.2444837156931565,
    "convexity_ratio": 0.5489432703003337,
    "grid_range": 1.0
  },
  "TADN-global": {
    "center_loss": 3.170848560333252,
    "loss_min": 3.170848560333252,
    "loss_max": 50.44755554199219,
    "loss_range": 47.27670698165893,
    "loss_mean": 31.686370219499587,
    "loss_median": 32.21469917297363,
    "roughness": 0.43331038697164603,
    "quad_roughness": 2.12428255077736,
    "kappa_1": 35.90549600485747,
    "kappa_2": 34.05935726579715,
    "curvature_ratio": 1.0542035695080132,
    "basin_area_fraction": 0.009365244536940686,
    "basin_diameter": 0.22567583341910252,
    "basin_flatness": 1.6972442573971216,
    "asymmetry_alpha": 1.5174505424499514,
    "convexity_ratio": 0.6117908787541713,
    "grid_range": 1.0
  }
}