{
  "2": {
    "n_tokens": 512,
    "metrics": {
      "center_loss": 2.8147385120391846,
      "loss_min": 2.8147385120391846,
      "loss_max": 55.88391876220703,
      "loss_range": 53.06918025016785,
      "loss_mean": 29.368682001183092,
      "loss_median": 29.715532302856445,
      "roughness": 0.8196399433573042,
      "quad_roughness": 1.930526955834831,
      "kappa_1": 42.00362462402486,
      "kappa_2": 39.50226535428051,
      "curvature_ratio": 1.0633219195710497,
      "basin_area_fraction": 0.018140589569160998,
      "basin_diameter": 0.3191538243211462,
      "basin_flatness": 3.0421691238880157,
      "asymmetry_alpha": 2.113621187210083,
      "convexity_ratio": 0.6340852130325815,
      "grid_range": 1.0
    }
  },
  "5": {
    "n_tokens": 1280,
    "metrics": {
      "center_loss": 3.1227370262145997,
      "loss_min": 3.1227370262145997,
      "loss_max": 55.13497695922852,
      "loss_range": 52.012239933013916,
      "loss_mean": 29.478609094598124,
      "loss_median": 29.50464744567871,
      "roughness": 0.6959513849325,
      "quad_roughness": 1.8705337340616703,
      "kappa_1": 41.83282718061997,
      "kappa_2": 39.32814813561047,
      "curvature_ratio": 1.0636866764299848,
      "basin_area_fraction": 0.018140589569160998,
      "basin_diameter": 0.3191538243211462,
      "basin_flatness": 3.1026124477386476,
      "asymmetry_alpha": 1.9490709590911866,
      "convexity_ratio": 0.6779448621553885,
      "grid_range": 1.0
    }
  },
  "10": {
    "n_tokens": 2560,
    "metrics": {
      "center_loss": 3.0691441535949706,
      "loss_min": 3.0691441535949706,
      "loss_max": 55.31533432006836,
      "loss_range": 52.24619016647339,
      "loss_mean": 29.448965023109974,
      "loss_median": 29.722148895263672,
      "roughness": 0.6653961656467384,
      "quad_roughness": 1.8867692693273148,
      "kappa_1": 41.863134739046295,
      "kappa_2": 39.56888872176196,
      "curvature_ratio": 1.0579810576261333,
      "basin_area_fraction": 0.018140589569160998,
      "basin_diameter": 0.3191538243211462,
      "basin_flatness": 3.060666263103485,
      "asymmetry_alpha": 1.8276951980590816,
      "convexity_ratio": 0.7017543859649122,
      "grid_range": 1.0
    }
  },
  "20": {
    "n_tokens": 5120,
    "metrics": {
      "center_loss": 3.170848560333252,
      "loss_min": 3.170848560333252,
      "loss_max": 55.208430480957034,
      "loss_range": 52.03758192062378,
      "loss_mean": 29.46086391699828,
      "loss_median": 29.671515274047852,
      "roughness": 0.6438987670313706,
      "quad_roughness": 1.8485624586001275,
      "kappa_1": 41.89302469405567,
      "kappa_2": 39.56577485051606,
      "curvature_ratio": 1.0588197716897076,
      "basin_area_fraction": 0.018140589569160998,
      "basin_diameter": 0.3191538243211462,
      "basin_flatness": 3.091608452796936,
      "asymmetry_alpha": 1.7593200111389151,
      "convexity_ratio": 0.7656641604010025,
      "grid_range": 1.0
    }
  },
  "50": {
    "n_tokens": 12800,
    "metrics": {
      "center_loss": 3.170848560333252,
      "loss_min": 3.170848560333252,
      "loss_max": 55.208430480957034,
      "loss_range": 52.03758192062378,
      "loss_mean": 29.46086391699828,
      "loss_median": 29.671515274047852,
      "roughness": 0.6438987670313706,
      "quad_roughness": 1.8485624586001275,
      "kappa_1": 41.89302469405567,
      "kappa_2": 39.56577485051606,
      "curvature_ratio": 1.0588197716897076,
      "basin_area_fraction": 0.018140589569160998,
      "basin_diameter": 0.3191538243211462,
      "basin_flatness": 3.091608452796936,
      "asymmetry_alpha": 1.7593200111389151,
      "convexity_ratio": 0.7656641604010025,
      "grid_range": 1.0
    }
  }
}