{
  "11": {
    "center_loss": 3.170848560333252,
    "loss_min": 3.170848560333252,
    "loss_max": 55.208430480957034,
    "loss_range": 52.03758192062378,
    "loss_mean": 30.70750089992177,
    "loss_median": 30.42068557739258,
    "roughness": 1.6634661816026042,
    "quad_roughness": 1.8289845156510727,
    "kappa_1": 41.15746866017232,
    "kappa_2": 39.094371184324615,
    "curvature_ratio": 1.0527722383873424,
    "basin_area_fraction": 0.008264462809917356,
    "basin_diameter": 0.22567583341910255,
    "basin_flatness": 0.0,
    "asymmetry_alpha": 1.9144504165649394,
    "convexity_ratio": 0.8585858585858586,
    "grid_range": 1.0
  },
  "21": {
    "center_loss": 3.170848560333252,
    "loss_min": 3.170848560333252,
    "loss_max": 55.208430480957034,
    "loss_range": 52.03758192062378,
    "loss_mean": 29.46086391699828,
    "loss_median": 29.671515274047852,
    "roughness": 0.6438987670313706,
    "quad_roughness": 1.8485624586001275,
    "kappa_1": 41.89302469405567,
    "kappa_2": 39.56577485051606,
    "curvature_ratio": 1.0588197716897076,
    "basin_area_fraction": 0.018140589569160998,
    "basin_diameter": 0.3191538243211462,
    "basin_flatness": 3.091608452796936,
    "asymmetry_alpha": 1.7593200111389151,
    "convexity_ratio": 0.7656641604010025,
    "grid_range": 1.0
  },
  "31": {
    "center_loss": 3.170848560333252,
    "loss_min": 3.170848560333252,
    "loss_max": 55.208430480957034,
    "loss_range": 52.03758192062378,
    "loss_mean": 29.040362178869973,
    "loss_median": 29.364962768554687,
    "roughness": 0.38366146617759134,
    "quad_roughness": 1.8794784004137153,
    "kappa_1": 42.08122108527032,
    "kappa_2": 39.71227391831726,
    "curvature_ratio": 1.0596527706199776,
    "basin_area_fraction": 0.01768990634755463,
    "basin_diameter": 0.3101617661120852,
    "basin_flatness": 2.952649099686566,
    "asymmetry_alpha": 1.7635548082987458,
    "convexity_ratio": 0.6740823136818688,
    "grid_range": 1.0
  },
  "51": {
    "center_loss": 3.170848560333252,
    "loss_min": 3.170848560333252,
    "loss_max": 55.208430480957034,
    "loss_range": 52.03758192062378,
    "loss_mean": 28.70358761116799,
    "loss_median": 29.07926826477051,
    "roughness": 0.21891310970978922,
    "quad_roughness": 1.8871929891523085,
    "kappa_1": 42.389910359810095,
    "kappa_2": 39.90850681855081,
    "curvature_ratio": 1.0621773085230948,
    "basin_area_fraction": 0.018069973087274125,
    "basin_diameter": 0.30943111311580196,
    "basin_flatness": 2.933755211119956,
    "asymmetry_alpha": 1.7657817611694333,
    "convexity_ratio": 0.575030012004802,
    "grid_range": 1.0
  }
}