{
  "ablation1_pca_sample_size": {
    "10": {
      "explained_ratios": [
        0.16422249251794974,
        0.14714473998035404
      ],
      "subspace_angle": null,
      "loss_range": 255.40439863204955,
      "roughness": 3.2662192806681776,
      "basin_diameter": 0.47873073648171927,
      "curvature_ratio": 0.6423125303411792,
      "convexity_ratio": 0.5827067669172933
    },
    "25": {
      "explained_ratios": [
        0.08766397675506506,
        0.07948690855723087
      ],
      "subspace_angle": 71.17987827057031,
      "loss_range": 457.35348615646365,
      "roughness": 7.419066609047872,
      "basin_diameter": 0.8214724333230157,
      "curvature_ratio": 4.167797041164082,
      "convexity_ratio": 0.5964912280701754
    },
    "50": {
      "explained_ratios": [
        0.06955263849945328,
        0.055981379786132664
      ],
      "subspace_angle": 35.48578264539687,
      "loss_range": 577.0612559318542,
      "roughness": 8.098296872669652,
      "basin_diameter": 0.9166995688475083,
      "curvature_ratio": 2.6204450370826575,
      "convexity_ratio": 0.6040100250626567
    },
    "100": {
      "explained_ratios": [
        0.05987394841380644,
        0.04900393632849087
      ],
      "subspace_angle": 53.374453357238444,
      "loss_range": 270.54391584396365,
      "roughness": 3.408424366850644,
      "basin_diameter": 0.390882009522336,
      "curvature_ratio": 1.6187176310289424,
      "convexity_ratio": 0.5902255639097744
    }
  },
  "ablation2_grid_resolution": {
    "11": {
      "loss_range": 52.03758192062378,
      "roughness": 1.6634661816026042,
      "basin_diameter": 0.22567583341910255,
      "curvature_ratio": 1.0527722383873424,
      "convexity_ratio": 0.8585858585858586,
      "center_loss": 3.170848560333252
    },
    "21": {
      "loss_range": 52.03758192062378,
      "roughness": 0.6438987670313706,
      "basin_diameter": 0.3191538243211462,
      "curvature_ratio": 1.0588197716897076,
      "convexity_ratio": 0.7656641604010025,
      "center_loss": 3.170848560333252
    },
    "31": {
      "loss_range": 52.03758192062378,
      "roughness": 0.38366146617759134,
      "basin_diameter": 0.3101617661120852,
      "curvature_ratio": 1.0596527706199776,
      "convexity_ratio": 0.6740823136818688,
      "center_loss": 3.170848560333252
    },
    "51": {
      "loss_range": 52.03758192062378,
      "roughness": 0.21891310970978922,
      "basin_diameter": 0.30943111311580196,
      "curvature_ratio": 1.0621773085230948,
      "convexity_ratio": 0.575030012004802,
      "center_loss": 3.170848560333252
    }
  },
  "ablation3_eval_data_size": {
    "2": {
      "loss_range": 53.06918025016785,
      "roughness": 0.8196399433573042,
      "basin_diameter": 0.3191538243211462,
      "curvature_ratio": 1.0633219195710497,
      "convexity_ratio": 0.6340852130325815,
      "center_loss": 2.8147385120391846
    },
    "5": {
      "loss_range": 52.012239933013916,
      "roughness": 0.6959513849325,
      "basin_diameter": 0.3191538243211462,
      "curvature_ratio": 1.0636866764299848,
      "convexity_ratio": 0.6779448621553885,
      "center_loss": 3.1227370262145997
    },
    "10": {
      "loss_range": 52.24619016647339,
      "roughness": 0.6653961656467384,
      "basin_diameter": 0.3191538243211462,
      "curvature_ratio": 1.0579810576261333,
      "convexity_ratio": 0.7017543859649122,
      "center_loss": 3.0691441535949706
    },
    "20": {
      "loss_range": 52.03758192062378,
      "roughness": 0.6438987670313706,
      "basin_diameter": 0.3191538243211462,
      "curvature_ratio": 1.0588197716897076,
      "convexity_ratio": 0.7656641604010025,
      "center_loss": 3.170848560333252
    },
    "50": {
      "loss_range": 52.20452663421631,
      "roughness": 0.6336274041075838,
      "basin_diameter": 0.3191538243211462,
      "curvature_ratio": 1.0534380841494515,
      "convexity_ratio": 0.8245614035087719,
      "center_loss": 2.999793281555176
    }
  },
  "total_time_seconds": 3040.887452840805,
  "baseline_loss": 3.170848560333252,
  "n_params": 596049920
}