{
  "tadn_granularity": {
    "TADN-full": {
      "center_loss": 3.170848560333252,
      "loss_min": 3.170848560333252,
      "loss_max": 55.208430480957034,
      "loss_range": 52.03758192062378,
      "loss_mean": 29.040362178869973,
      "loss_median": 29.364962768554687,
      "roughness": 0.38366146617759134,
      "quad_roughness": 1.8794784004137153,
      "kappa_1": 42.08122108527032,
      "kappa_2": 39.71227391831726,
      "curvature_ratio": 1.0596527706199776,
      "basin_area_fraction": 0.01768990634755463,
      "basin_diameter": 0.3101617661120852,
      "basin_flatness": 2.952649099686566,
      "asymmetry_alpha": 1.7635548082987458,
      "convexity_ratio": 0.6740823136818688,
      "grid_range": 1.0
    },
    "TADN-layer": {
      "center_loss": 3.170848560333252,
      "loss_min": 3.170848560333252,
      "loss_max": 51.548448181152345,
      "loss_range": 48.37759962081909,
      "loss_mean": 27.9171365421843,
      "loss_median": 28.217924499511717,
      "roughness": 0.3519001855271847,
      "quad_roughness": 1.8455315089212487,
      "kappa_1": 38.36770015043195,
      "kappa_2": 35.97798282691282,
      "curvature_ratio": 1.0664216594607103,
      "basin_area_fraction": 0.014568158168574402,
      "basin_diameter": 0.2814672163763168,
      "basin_flatness": 2.634746527671813,
      "asymmetry_alpha": 1.832724682490031,
      "convexity_ratio": 0.628476084538376,
      "grid_range": 1.0
    },
    "TADN-block": {
      "center_loss": 3.170848560333252,
      "loss_min": 3.170848560333252,
      "loss_max": 31.11874351501465,
      "loss_range": 27.9478949546814,
      "loss_mean": 23.15844766714074,
      "loss_median": 23.474648666381835,
      "roughness": 0.4462782240254967,
      "quad_roughness": 1.8780863201579716,
      "kappa_1": 14.66853713837085,
      "kappa_2": 13.641794118799648,
      "curvature_ratio": 1.0752645151013331,
      "basin_area_fraction": 0.009365244536940686,
      "basin_diameter": 0.22567583341910252,
      "basin_flatness": 1.4593978775872123,
      "asymmetry_alpha": 2.2444837156931565,
      "convexity_ratio": 0.5489432703003337,
      "grid_range": 1.0
    },
    "TADN-global": {
      "center_loss": 3.170848560333252,
      "loss_min": 3.170848560333252,
      "loss_max": 50.44755554199219,
      "loss_range": 47.27670698165893,
      "loss_mean": 31.686370219499587,
      "loss_median": 32.21469917297363,
      "roughness": 0.43331038697164603,
      "quad_roughness": 2.12428255077736,
      "kappa_1": 35.90549600485747,
      "kappa_2": 34.05935726579715,
      "curvature_ratio": 1.0542035695080132,
      "basin_area_fraction": 0.009365244536940686,
      "basin_diameter": 0.22567583341910252,
      "basin_flatness": 1.6972442573971216,
      "asymmetry_alpha": 1.5174505424499514,
      "convexity_ratio": 0.6117908787541713,
      "grid_range": 1.0
    }
  },
  "direction_depth": {
    "10": {
      "metrics": {
        "center_loss": 3.170848560333252,
        "loss_min": 3.170848560333252,
        "loss_max": 258.5752471923828,
        "loss_range": 255.40439863204955,
        "loss_mean": 102.60493629814808,
        "loss_median": 99.73113098144532,
        "roughness": 2.0792406829602643,
        "quad_roughness": 15.025595689290109,
        "kappa_1": 136.24586831623745,
        "kappa_2": 210.28511647613135,
        "curvature_ratio": 0.6479101830853417,
        "basin_area_fraction": 0.046826222684703434,
        "basin_diameter": 0.504626504404032,
        "basin_flatness": 19.099284057617187,
        "asymmetry_alpha": 3.469386647542317,
        "convexity_ratio": 0.560622914349277,
        "grid_range": 1.0
      },
      "explained_variance": [
        0.16422249251794974,
        0.14714473998035404
      ]
    },
    "25": {
      "metrics": {
        "center_loss": 3.170848560333252,
        "loss_min": 3.170848560333252,
        "loss_max": 465.4199157714844,
        "loss_range": 462.24906721115116,
        "loss_mean": 141.26491003056347,
        "loss_median": 118.53955535888672,
        "roughness": 4.646566036425079,
        "quad_roughness": 19.396859474994347,
        "kappa_1": 448.3801388960323,
        "kappa_2": 109.70400888555298,
        "curvature_ratio": 4.087180983179833,
        "basin_area_fraction": 0.1186264308012487,
        "basin_diameter": 0.80318617766938,
        "basin_flatness": 30.09761615468745,
        "asymmetry_alpha": 39.944310429890955,
        "convexity_ratio": 0.5550611790878754,
        "grid_range": 1.0
      },
      "explained_variance": [
        0.08766397675506506,
        0.07948690855723087
      ]
    },
    "50": {
      "metrics": {
        "center_loss": 3.170848560333252,
        "loss_min": 3.170848560333252,
        "loss_max": 580.2321044921875,
        "loss_range": 577.0612559318542,
        "loss_mean": 166.87318432705706,
        "loss_median": 131.72127838134764,
        "roughness": 4.789011998697445,
        "quad_roughness": 31.412988558879512,
        "kappa_1": 439.9999920779401,
        "kappa_2": 168.48616024926326,
        "curvature_ratio": 2.611490412190119,
        "basin_area_fraction": 0.1571279916753382,
        "basin_diameter": 0.9243836895888093,
        "basin_flatness": 40.18132049611072,
        "asymmetry_alpha": 26.374407679239916,
        "convexity_ratio": 0.5834260289210234,
        "grid_range": 1.0
      },
      "explained_variance": [
        0.06955263849945328,
        0.055981379786132664
      ]
    },
    "100": {
      "metrics": {
        "center_loss": 3.170848560333252,
        "loss_min": 3.170848560333252,
        "loss_max": 273.7147644042969,
        "loss_range": 270.54391584396365,
        "loss_mean": 105.87946970946582,
        "loss_median": 100.45422668457032,
        "roughness": 2.242167001375788,
        "quad_roughness": 10.534001234565288,
        "kappa_1": 220.99457353083326,
        "kappa_2": 137.77054505422763,
        "curvature_ratio": 1.6040770793473131,
        "basin_area_fraction": 0.030176899063475548,
        "basin_diameter": 0.40510051864976654,
        "basin_flatness": 17.627674102783207,
        "asymmetry_alpha": 18.37452299753825,
        "convexity_ratio": 0.5511679644048944,
        "grid_range": 1.0
      },
      "explained_variance": [
        0.05987394841380644,
        0.04900393632849087
      ]
    }
  },
  "grid_resolution": {
    "11": {
      "center_loss": 3.170848560333252,
      "loss_min": 3.170848560333252,
      "loss_max": 55.208430480957034,
      "loss_range": 52.03758192062378,
      "loss_mean": 30.70750089992177,
      "loss_median": 30.42068557739258,
      "roughness": 1.6634661816026042,
      "quad_roughness": 1.8289845156510727,
      "kappa_1": 41.15746866017232,
      "kappa_2": 39.094371184324615,
      "curvature_ratio": 1.0527722383873424,
      "basin_area_fraction": 0.008264462809917356,
      "basin_diameter": 0.22567583341910255,
      "basin_flatness": 0.0,
      "asymmetry_alpha": 1.9144504165649394,
      "convexity_ratio": 0.8585858585858586,
      "grid_range": 1.0
    },
    "21": {
      "center_loss": 3.170848560333252,
      "loss_min": 3.170848560333252,
      "loss_max": 55.208430480957034,
      "loss_range": 52.03758192062378,
      "loss_mean": 29.46086391699828,
      "loss_median": 29.671515274047852,
      "roughness": 0.6438987670313706,
      "quad_roughness": 1.8485624586001275,
      "kappa_1": 41.89302469405567,
      "kappa_2": 39.56577485051606,
      "curvature_ratio": 1.0588197716897076,
      "basin_area_fraction": 0.018140589569160998,
      "basin_diameter": 0.3191538243211462,
      "basin_flatness": 3.091608452796936,
      "asymmetry_alpha": 1.7593200111389151,
      "convexity_ratio": 0.7656641604010025,
      "grid_range": 1.0
    },
    "31": {
      "center_loss": 3.170848560333252,
      "loss_min": 3.170848560333252,
      "loss_max": 55.208430480957034,
      "loss_range": 52.03758192062378,
      "loss_mean": 29.040362178869973,