{
  "model": "Qwen/Qwen3-0.6B-Base",
  "grid_size": 21,
  "grid_range": 1.0,
  "experiments": {
    "tadn_invariance": {
      "loss_original": 3.170848560333252,
      "loss_rescaled": 3.170848560333252,
      "loss_diff": 0.0,
      "tadn_correlation": 1.0,
      "layer_correlation": 0.9189164797588076,
      "tadn_mse": 0.0,
      "layer_mse": 28.520263224149975,
      "tadn_max_deviation": 0.0,
      "layer_max_deviation": 12.845528173446654
    },
    "pca_convergence": {
      "10": {
        "eigenvalues": [
          998.5548302195011,
          894.7135596100833
        ],
        "explained_ratios": [
          0.16422249251794974,
          0.14714473998035404
        ],
        "subspace_angle": null
      },
      "20": {
        "eigenvalues": [
          1254.5305842590844,
          1137.5693358424644
        ],
        "explained_ratios": [
          0.09832954115348484,
          0.08916217127518311
        ],
        "subspace_angle": 57.7420204315313
      },
      "30": {
        "eigenvalues": [
          1700.0438277683052,
          1523.0791865221443
        ],
        "explained_ratios": [
          0.08347363850472082,
          0.07478451987717867
        ],
        "subspace_angle": 80.68963008618228
      },
      "50": {
        "eigenvalues": [
          2410.7418705261853,
          1940.352790804896
        ],
        "explained_ratios": [
          0.06955263849945328,
          0.055981379786132664
        ],
        "subspace_angle": 26.197760410923173
      },
      "75": {
        "eigenvalues": [
          3650.402727112367,
          2395.307098378904
        ],
        "explained_ratios": [
          0.06873800811986726,
          0.04510423947337703
        ],
        "subspace_angle": 65.66012030773658
      },
      "100": {
        "eigenvalues": [
          4301.688064359545,
          3520.7240142909236
        ],
        "explained_ratios": [
          0.05987394841380644,
          0.04900393632849087
        ],
        "subspace_angle": 87.44887335802802
      }
    },
    "hessian_eigenvectors": {
      "lambda_1": 14329.313954196177,
      "lambda_2": 8297.811693963404,
      "lambda_ratio": 1.7268786618308625,
      "l_char": 0.008353862080493669
    },
    "pfi": {
      "tier1": {
        "PFI_S": 1.0500202047919249e-08,
        "PFI_C": 2.3085268250452218e-08,
        "Hd1_sq": 0.6267536447637367,
        "Hd2_sq": 2.6547894284268008,
        "d1_curvature": 0.00019380653762191002,
        "d2_curvature": 0.00033079605647756694,
        "tr_H2": 312521897.98012674,
        "tr_H2_std": 68128986.66318223
      },
      "tier2": {
        "PFI_S": 4.6005438735130986e-05,
        "PFI_C": 0.00012760939668574118,
        "Hd1_sq": 10652.719672925396,
        "Hd2_sq": 3724.9873579861805,
        "d1_curvature": 1.8285551086155465,
        "d2_curvature": 0.9824388902306964,
        "tr_H2": 312521897.98012674,
        "tr_H2_std": 68128986.66318223
      },
      "tier3": {
        "PFI_S": 0.0002231894903157577,
        "PFI_C": 0.000932949220676802,
        "Hd1_sq": 47837.39076085854,
        "Hd2_sq": 21914.212361839163,
        "d1_curvature": 13.368522286400548,
        "d2_curvature": 10.165740971955529,
        "tr_H2": 312521897.98012674,
        "tr_H2_std": 68128986.66318223
      }
    },
    "surface_tier_1": {
      "center_loss": 3.170848560333252,
      "loss_range": 52.006486034393305,
      "roughness": 0.6646421405563563,
      "loss_min": 3.170848560333252,
      "loss_max": 55.17733459472656,
      "grid_range": 1.0
    },
    "surface_tier_2": {
      "center_loss": 3.170848560333252,
      "loss_range": 270.54391584396365,
      "roughness": 3.408424366850644,
      "loss_min": 3.170848560333252,
      "loss_max": 273.7147644042969,
      "grid_range": 1.0
    },
    "surface_tier_3": {
      "center_loss": 3.170848560333252,
      "loss_range": 31.20059309005737,
      "roughness": 0.6924569097225692,
      "loss_min": 3.170848560333252,
      "loss_max": 34.37144165039062,
      "grid_range": 0.025061586241481006
    }
  },
  "baseline_loss": 3.170848560333252
}