{
  "Qwen2.5-7B-Instruct": {
    "model": "Qwen/Qwen2.5-7B-Instruct",
    "n_params": 7615616512,
    "baseline_loss": 2.5170177936553957,
    "tier1_metrics": {
      "center_loss": 2.5170177936553957,
      "loss_min": 2.5170177936553957,
      "loss_max": 46.41865768432617,
      "loss_range": 43.90163989067077,
      "loss_mean": 25.158221234323754,
      "loss_median": 25.745720291137694,
      "roughness": 0.6917928567006074,
      "quad_roughness": 2.8788838746559713,
      "kappa_1": 23.282906936451568,
      "kappa_2": 33.140920314488994,
      "curvature_ratio": 0.7025425581257071,
      "basin_area_fraction": 0.011337868480725623,
      "basin_diameter": 0.252313252202016,
      "basin_flatness": 2.607893352508545,
      "asymmetry_alpha": 1.6907572650909426,
      "convexity_ratio": 0.5952380952380952,
      "grid_range": 1.0
    },
    "tier2_success": false,
    "tier2_metrics": null,
    "tier2_explained_ratios": null,
    "tier2_n_gradients": 0
  },
  "total_time_seconds": 3950.364732503891
}