{
  "experiment": "Extended Training Trajectory + Post-Training Analysis",
  "model": "Qwen/Qwen3-0.6B-Base",
  "n_params": 596049920,
  "train_steps": 500,
  "checkpoint_interval": 50,
  "learning_rate": 5e-05,
  "n_checkpoints": 11,
  "checkpoint_steps": [
    0,
    50,
    100,
    150,
    200,
    250,
    300,
    350,
    400,
    450,
    500
  ],
  "checkpoint_losses": [
    3.170848560333252,
    3.043563175201416,
    3.035028648376465,
    3.0408111095428465,
    3.0319926261901857,
    3.055449295043945,
    3.0585620403289795,
    3.068641710281372,
    3.0796988010406494,
    3.04952654838562,
    3.055444765090942
  ],
  "inter_checkpoint_distances": [
    6.328039851187934,
    4.117175182139278,
    3.875697985950723,
    3.810484595535667,
    3.556646587390775,
    3.429572382517995,
    3.580054599432628,
    3.37295655259996,
    3.3838199262024444,
    3.1825960485786995
  ],
  "baseline_loss": 3.170848560333252,
  "final_loss": 3.055444765090942,
  "loss_improvement": 0.11540379524230993,
  "loss_improvement_pct": 3.6395240279208143,
  "parameter_distance": 18.70742228442268,
  "trajectory_pca": {
    "projected_coords": [
      [
        -11.311370764054535,
        -4.159027612641548
      ],
      [
        -8.084519673898562,
        -0.8489054112960887
      ],
      [
        -5.691401136061277,
        1.0368912174920255
      ],
      [
        -3.4055713953339803,
        2.382753058669146
      ],
      [
        -1.0377615579845165,
        2.9693725555250046
      ],
      [
        1.0367671843635415,
        2.7390828617150307
      ],
      [
        2.822348511037928,
        1.8275238146465487
      ],
      [
        4.514564262321497,
        0.357484991574211
      ],
      [
        5.955820773551203,
        -1.0682909654644765
      ],
      [
        7.2205534649115855,
        -2.2865027224036076
      ],
      [
        7.980544719342836,
        -2.9503680999906288
      ]
    ],
    "explained_variance": [
      0.764423569416162,
      0.11162351138194501
    ],
    "total_explained": 0.876047080798107,
    "surface_metrics": {
      "center_loss": 2.9708198070526124,
      "loss_min": 2.9708198070526124,
      "loss_max": 522.6958679199219,
      "loss_range": 519.7250481128692,
      "loss_mean": 257.3044376868983,
      "loss_median": 260.68500366210935,
      "roughness": 5.158138335250433,
      "quad_roughness": 30.817814265625884,
      "kappa_1": 1.5774251291750998,
      "kappa_2": 2.3199608839550834,
      "curvature_ratio": 0.6799360885852103,
      "basin_area_fraction": 0.019771071800208116,
      "basin_diameter": 4.821688956826233,
      "basin_flatness": 34.80043700870715,
      "asymmetry_alpha": 39.07040489196777,
      "convexity_ratio": 0.5367074527252503,
      "grid_range": 14.704781993270897
    },
    "grid_range": 14.704781993270897
  },
  "anchor_point": {
    "base_proj": -0.008251435329957797,
    "final_proj": 0.008251435329957797,
    "midpoint_loss": 2.9805554389953612,
    "surface_metrics": {
      "center_loss": 2.9805554389953612,
      "loss_min": 2.979386329650879,
      "loss_max": 5.240016269683838,
      "loss_range": 2.260629940032959,
      "loss_mean": 3.6383684192066013,
      "loss_median": 3.375276565551758,
      "roughness": 0.018624077311943127,
      "quad_roughness": 0.11973919622944347,
      "kappa_1": 22774.016217019926,
      "kappa_2": 344.94145266319003,
      "curvature_ratio": 66.02284544574721,
      "basin_area_fraction": 0.4068678459937565,
      "basin_diameter": 0.018410811788283653,
      "basin_flatness": 0.08091771925806704,
      "asymmetry_alpha": 0.5704247252146403,
      "convexity_ratio": 0.6484983314794216,
      "grid_range": 0.012377152994936694
    },
    "grid_range": 0.012377152994936694
  },
  "tier1_base": {
    "loss": 3.170848560333252,
    "metrics": {
      "center_loss": 3.170848560333252,
      "loss_min": 3.170848560333252,
      "loss_max": 55.17733459472656,
      "loss_range": 52.006486034393305,
      "loss_mean": 29.809131256276192,
      "loss_median": 30.214767837524413,
      "roughness": 0.3839244324121338,
      "quad_roughness": 1.9862464834616818,
      "kappa_1": 41.262351769465596,
      "kappa_2": 44.51146989315112,
      "curvature_ratio": 0.9270049240886075,
      "basin_area_fraction": 0.019771071800208116,
      "basin_diameter": 0.327899383957729,
      "basin_flatness": 2.85882827106275,
      "asymmetry_alpha": 1.2374108378092452,
      "convexity_ratio": 0.6484983314794216,
      "grid_range": 1.0
    }
  },
  "tier1_final": {
    "loss": 3.055444765090942,
    "metrics": {
      "center_loss": 3.055444765090942,
      "loss_min": 3.055444765090942,
      "loss_max": 55.64501876831055,
      "loss_range": 52.58957400321961,
      "loss_mean": 29.637482433636652,
      "loss_median": 30.15875701904297,
      "roughness": 0.3819997507116488,
      "quad_roughness": 2.117933278476865,
      "kappa_1": 41.94597753268546,
      "kappa_2": 45.14912755881966,
      "curvature_ratio": 0.9290539995030007,
      "basin_area_fraction": 0.021852237252861603,
      "basin_diameter": 0.3447255297217607,
      "basin_flatness": 2.4112720784686865,
      "asymmetry_alpha": 1.1557109228769933,
      "convexity_ratio": 0.6507230255839822,
      "grid_range": 1.0
    }
  },
  "training_losses_final_50": [
    2.5341129302978516,
    2.8268678188323975,
    2.5593700408935547,
    2.4753236770629883,
    2.6560826301574707,
    2.79372501373291,
    3.0623257160186768,
    2.34722638130188,
    2.9384851455688477,
    3.065983533859253,
    3.002073287963867,
    2.972816228866577,
    2.806980609893799,
    2.8447489738464355,
    2.4336507320404053,
    2.9127426147460938,
    2.1828243732452393,
    2.5364842414855957,
    1.7544848918914795,
    2.3827016353607178,
    2.64095401763916,
    2.5051445960998535,
    3.0034031867980957,
    2.8910114765167236,
    2.475315809249878,
    2.4707024097442627,
    3.0912952423095703,
    2.6100645065307617,
    2.7964587211608887,
    2.7851130962371826,
    2.8136630058288574,
    2.711486339569092,
    2.66304874420166,
    2.9935789108276367,
    2.497650623321533,
    2.865476131439209,
    2.6399624347686768,
    2.8084731101989746,
    2.322139263153076,
    2.7788126468658447,
    2.7440569400787354,
    2.4089646339416504,
    2.5392587184906006,
    2.173248767852783,
    2.872330665588379,
    2.4182636737823486,
    2.4418463706970215,
    2.536069393157959,
    2.9434502124786377,
    2.742518663406372
  ],
  "total_time_seconds": 3630.2864775657654
}