{
  "experiment": "Qwen3-0.6B Pre/Post-Training (MMSP Method B)",
  "base_model": "Qwen/Qwen3-0.6B-Base",
  "post_model": "Qwen/Qwen3-0.6B",
  "n_params": 596049920,
  "parameter_distance": 91.22663067025263,
  "base_loss": 3.170848560333252,
  "post_loss": 3.6358378887176515,
  "midpoint_loss": 3.2989266395568846,
  "base_proj_d1": -0.03783914176557919,
  "post_proj_d1": 0.03783914176557919,
  "grid_range": 0.056758712648368785,
  "grid_size": 31,
  "anchor_surface_metrics": {
    "center_loss": 3.2989266395568846,
    "loss_min": 3.2718332767486573,
    "loss_max": 7.5039690971374515,
    "loss_range": 4.232135820388795,
    "loss_mean": 4.0215763360479,
    "loss_median": 3.7876391410827637,
    "roughness": 0.0447315975992803,
    "quad_roughness": 0.30394575628630677,
    "kappa_1": 1210.4545615681084,
    "kappa_2": 405.78292489791136,
    "curvature_ratio": 2.983010095538992,
    "basin_area_fraction": 0.44432882414151925,
    "basin_diameter": 0.08822878008171982,
    "basin_flatness": 0.19007028997363212,
    "asymmetry_alpha": 0.3806536038716634,
    "convexity_ratio": 0.9293659621802002,
    "grid_range": 0.056758712648368785
  },
  "base_tier1_metrics": {
    "center_loss": 3.170848560333252,
    "loss_min": 3.170848560333252,
    "loss_max": 55.208430480957034,
    "loss_range": 52.03758192062378,
    "loss_mean": 29.040362178869973,
    "loss_median": 29.364962768554687,
    "roughness": 0.38366146617759134,
    "quad_roughness": 1.8794784004137153,
    "kappa_1": 42.08122108527032,
    "kappa_2": 39.71227391831726,
    "curvature_ratio": 1.0596527706199776,
    "basin_area_fraction": 0.01768990634755463,
    "basin_diameter": 0.3101617661120852,
    "basin_flatness": 2.952649099686566,
    "asymmetry_alpha": 1.7635548082987458,
    "convexity_ratio": 0.6740823136818688,
    "grid_range": 1.0
  },
  "post_tier1_metrics": {
    "center_loss": 3.6358378887176515,
    "loss_min": 3.6358378887176515,
    "loss_max": 51.43955764770508,
    "loss_range": 47.80371975898743,
    "loss_mean": 27.900883506165584,
    "loss_median": 28.287398529052734,
    "roughness": 0.3694119311667551,
    "quad_roughness": 1.6488979718586525,
    "kappa_1": 38.30204891204783,
    "kappa_2": 35.90680680681374,
    "curvature_ratio": 1.0667071878046501,
    "basin_area_fraction": 0.01040582726326743,
    "basin_diameter": 0.23788321548703614,
    "basin_flatness": 2.089025626182556,
    "asymmetry_alpha": 1.6469064712524408,
    "convexity_ratio": 0.625139043381535,
    "grid_range": 1.0
  },
  "total_time_seconds": 2978.01579785347
}