{
  "WikiText-2-test": {
    "baseline_loss": 3.170848560333252,
    "metrics": {
      "center_loss": 3.170848560333252,
      "loss_min": 3.170848560333252,
      "loss_max": 55.208430480957034,
      "loss_range": 52.03758192062378,
      "loss_mean": 29.040362178869973,
      "loss_median": 29.364962768554687,
      "roughness": 0.38366146617759134,
      "quad_roughness": 1.8794784004137153,
      "kappa_1": 42.08122108527032,
      "kappa_2": 39.71227391831726,
      "curvature_ratio": 1.0596527706199776,
      "basin_area_fraction": 0.01768990634755463,
      "basin_diameter": 0.3101617661120852,
      "basin_flatness": 2.952649099686566,
      "asymmetry_alpha": 1.7635548082987458,
      "convexity_ratio": 0.6740823136818688,
      "grid_range": 1.0
    },
    "metrics_pca": {
      "center_loss": 3.170848560333252,
      "loss_min": 3.170848560333252,
      "loss_max": 580.2321044921875,
      "loss_range": 577.0612559318542,
      "loss_mean": 166.87318432705706,
      "loss_median": 131.72127838134764,
      "roughness": 4.789011998697445,
      "quad_roughness": 31.412988558879512,
      "kappa_1": 439.9999920779401,
      "kappa_2": 168.48616024926326,
      "curvature_ratio": 2.611490412190119,
      "basin_area_fraction": 0.1571279916753382,
      "basin_diameter": 0.9243836895888093,
      "basin_flatness": 40.18132049611072,
      "asymmetry_alpha": 26.374407679239916,
      "convexity_ratio": 0.5834260289210234,
      "grid_range": 1.0
    }
  },
  "WikiText-2-train": {
    "baseline_loss": 3.352898597717285,
    "metrics": {
      "center_loss": 3.352898597717285,
      "loss_min": 3.352898597717285,
      "loss_max": 55.29815521240234,
      "loss_range": 51.94525661468506,
      "loss_mean": 29.078057017460324,
      "loss_median": 29.39303855895996,
      "roughness": 0.3803406158636386,
      "quad_roughness": 1.7844906027029648,
      "kappa_1": 41.69853467474332,
      "kappa_2": 39.7304664649024,
      "curvature_ratio": 1.049535492151207,
      "basin_area_fraction": 0.01664932362122789,
      "basin_diameter": 0.30090111122547003,
      "basin_flatness": 2.853383520245552,
      "asymmetry_alpha": 1.7562677351633709,
      "convexity_ratio": 0.6585094549499444,
      "grid_range": 1.0
    },
    "metrics_pca": {
      "center_loss": 3.352898597717285,
      "loss_min": 3.352898597717285,
      "loss_max": 590.6729736328125,
      "loss_range": 587.3200750350952,
      "loss_mean": 165.81288070222215,
      "loss_median": 131.93305358886718,
      "roughness": 4.685985779512395,
      "quad_roughness": 31.979284851430094,
      "kappa_1": 430.5483315040449,
      "kappa_2": 173.7916792658177,
      "curvature_ratio": 2.477381732673549,
      "basin_area_fraction": 0.16233090530697192,
      "basin_diameter": 0.9395634186594571,
      "basin_flatness": 40.26475405203991,
      "asymmetry_alpha": 24.973716684977216,
      "convexity_ratio": 0.5834260289210234,
      "grid_range": 1.0
    }
  },
  "WikiText-103-test": {
    "error": "Offline mode is enabled. Tried to reach https://s3.amazonaws.com/research.metamind.io/wikitext/wikitext-103-raw-v1.zip"
  }
}