{
  "experiment": "Fine-Tuning Trajectory & Anchor-Point Analysis",
  "model": "Qwen/Qwen3-0.6B-Base",
  "fine_tuning": {
    "n_steps": 100,
    "checkpoint_every": 20,
    "lr": 1e-05,
    "baseline_loss": 2.999793281555176,
    "post_ft_loss": 2.8328512573242186,
    "training_losses": [
      3.2779393196105957,
      3.3520877361297607,
      3.4064157009124756,
      3.4977328777313232,
      3.727982759475708,
      3.5748791694641113,
      3.867064952850342,
      2.813573122024536,
      3.2845618724823,
      3.269843101501465,
      3.1529390811920166,
      2.840376615524292,
      3.496157646179199,
      3.864201545715332,
      3.485168933868408,
      3.1474618911743164,
      3.098798990249634,
      2.646963119506836,
      2.5994606018066406,
      2.9012184143066406,
      3.431704044342041,
      3.0656044483184814,
      2.862287759780884,
      3.054208755493164,
      2.6021361351013184,
      2.9823601245880127,
      3.8007171154022217,
      2.892838716506958,
      3.1892058849334717,
      3.566472291946411,
      3.1626064777374268,
      2.595759630203247,
      2.848757028579712,
      2.6080117225646973,
      2.892068862915039,
      3.039128541946411,
      3.052539110183716,
      3.156244993209839,
      3.152580499649048,
      3.3481380939483643,
      3.736025810241699,
      2.8221802711486816,
      3.4904134273529053,
      3.527834415435791,
      3.0724356174468994,
      2.871798038482666,
      2.4453113079071045,
      2.861086130142212,
      2.9808077812194824,
      2.5014307498931885,
      2.575129985809326,
      2.6923487186431885,
      2.9846789836883545,
      2.505777597427368,
      3.07857608795166,
      3.030674695968628,
      2.631904363632202,
      2.5476033687591553,
      2.2164061069488525,
      2.853621482849121,
      2.676262617111206,
      2.6579177379608154,
      2.9678592681884766,
      2.7420907020568848,
      3.160001039505005,
      3.0081052780151367,
      3.2035253047943115,
      3.3712897300720215,
      2.7898714542388916,
      2.491690158843994,
      2.5940191745758057,
      2.7223050594329834,
      3.118642568588257,
      3.0447003841400146,
      2.779404640197754,
      2.7597930431365967,
      3.1252479553222656,
      3.4669106006622314,
      3.014626979827881,
      2.7646896839141846,
      3.3869149684906006,
      3.3095147609710693,
      2.974274158477783,
      2.9000680446624756,
      3.259477138519287,
      3.1142489910125732,
      3.008908271789551,
      2.375587224960327,
      2.645397186279297,
      2.4772517681121826,
      2.8421847820281982,
      2.512364149093628,
      3.2201385498046875,
      3.0710811614990234,
      2.062307357788086,
      2.5265588760375977,
      2.450625419616699,
      3.441331624984741,
      3.286491870880127,
      3.1304757595062256
    ],
    "checkpoint_steps": [
      0,
      20,
      40,
      60,
      80,
      100
    ],
    "checkpoint_losses": [
      2.999793281555176,
      2.92000111579895,
      2.893467082977295,
      2.870707941055298,
      2.851168632507324,
      2.8328512573242186
    ],
    "inter_checkpoint_distances": [
      0.4131637930889643,
      0.24753841579705937,
      0.24590534563352304,
      0.24720302907023195,
      0.2280899670161778
    ],
    "fine_tuning_time_seconds": 31.6689190864563
  },
  "trajectory_pca": {
    "explained_variance": [
      0.7706384627953152,
      0.1461858412562498
    ],
    "projected_coords": [
      [
        -0.48673115246754245,
        -0.1760388257718153
      ],
      [
        -0.2288545933545106,
        0.10717442384705941
      ],
      [
        -0.05334507950990457,
        0.1580642671250396
      ],
      [
        0.12360616131617297,
        0.09496536164249425
      ],
      [
        0.2707845232682631,
        -0.0435603440994748
      ],
      [
        0.37454016477484653,
        -0.14060469728481406
      ]
    ],
    "surface_metrics": {
      "center_loss": 3.0708706378936768,
      "loss_min": 3.0708706378936768,
      "loss_max": 64.93561096191407,
      "loss_range": 61.86474032402039,
      "loss_mean": 29.84406517627829,
      "loss_median": 28.280702209472658,
      "roughness": 1.5274970469571796,
      "quad_roughness": 3.5503357081349507,
      "kappa_1": 31.177397285956538,
      "kappa_2": 35.12054610520848,
      "curvature_ratio": 0.887725298817152,
      "basin_area_fraction": 0.0022675736961451248,
      "basin_diameter": 0.11283791670955128,
      "basin_flatness": 0.0,
      "asymmetry_alpha": 1.8184065055847172,
      "convexity_ratio": 0.5877192982456141,
      "grid_range": 1.0
    },
    "time_seconds": 10.882039308547974
  },
  "anchor_point": {
    "model_distance": 0.8613929879505838,
    "surface_metrics": {
      "center_loss": 3.082341527938843,
      "loss_min": 3.082341527938843,
      "loss_max": 53.060977172851565,
      "loss_range": 49.97863564491272,
      "loss_mean": 28.92120222872347,
      "loss_median": 28.406493759155275,
      "roughness": 1.0904558409882061,
      "quad_roughness": 2.0585763161969477,
      "kappa_1": 30.873645579184178,
      "kappa_2": 34.694501907834294,
      "curvature_ratio": 0.8898714171228288,
      "basin_area_fraction": 0.006802721088435374,
      "basin_diameter": 0.195441004761168,
      "basin_flatness": 1.5591121991475425,
      "asymmetry_alpha": 2.798911113739014,
      "convexity_ratio": 0.6842105263157895,
      "grid_range": 1.0
    },
    "cross_section_losses": [
      54.06110534667969,
      51.46547622680664,
      49.09947738647461,
      46.779337310791014,
      44.827213287353516,
      42.4404296875,
      40.34709777832031,
      38.19214935302735,
      35.77892837524414,
      33.18443374633789,
      30.593513107299806,
      27.855553817749023,
      25.240795135498047,
      22.13982238769531,
      21.087561798095702,
      21.095567321777345,
      22.704501724243165,
      21.4246036529541,
      21.147412872314455,
      18.284024047851563,
      3.082341527938843,
      13.538038635253907,
      15.91887264251709,
      16.77554588317871,
      20.296044540405273,
      24.53464126586914,
      23.601718521118165,
      24.086297225952148,
      25.131241607666016,
      26.800299453735352,
      28.700955963134767,
      30.62315673828125,
      32.614678955078126,
      34.737481689453126,
      37.19290008544922,
      40.050967407226565,
      43.15350341796875,
      46.35299835205078,
      49.68266830444336,
      52.879801177978514,
      55.907859802246094
    ],
    "cross_section_alphas": [
      -2.0,
      -1.9,
      -1.8,
      -1.7,
      -1.6,
      -1.5,
      -1.4,
      -1.2999999999999998,
      -1.2,
      -1.1,
      -1.0,
      -0.8999999999999999,
      -0.7999999999999998,
      -0.7,
      -0.5999999999999999,
      -0.5,
      -0.3999999999999999,
      -0.2999999999999998,
      -0.19999999999999996,
      -0.09999999999999987,
      0.0,
      0.10000000000000009,
      0.20000000000000018,
      0.30000000000000027,
      0.40000000000000036,
      0.5,
      0.6000000000000001,
      0.7000000000000002,
      0.8000000000000003,
      0.9000000000000004,
      1.0,
      1.1,
      1.2000000000000002,
      1.3000000000000003,
      1.4000000000000004,
      1.5,
      1.6,
      1.7000000000000002,
      1.8000000000000003,
      1.9000000000000004,
      2.0
    ],
    "time_seconds": 5.306492805480957
  }
}