{
  "experiment": "Dataset Sensitivity Analysis",
  "model": "Qwen/Qwen3-0.6B-Base",
  "grid_size": 31,
  "datasets": {
    "WikiText-2 (test)": {
      "baseline_loss": 2.999793281555176,
      "n_chunks": 50,
      "center_loss": 3.170848560333252,
      "loss_min": 3.170848560333252,
      "loss_max": 55.208430480957034,
      "loss_range": 52.03758192062378,
      "loss_mean": 29.040362178869973,
      "loss_median": 29.364962768554687,
      "roughness": 0.38366146617759134,
      "quad_roughness": 1.8794784004137153,
      "kappa_1": 42.08122108527032,
      "kappa_2": 39.71227391831726,
      "curvature_ratio": 1.0596527706199776,
      "basin_area_fraction": 0.01768990634755463,
      "basin_diameter": 0.3101617661120852,
      "basin_flatness": 2.952649099686566,
      "asymmetry_alpha": 1.7635548082987458,
      "convexity_ratio": 0.6740823136818688,
      "grid_range": 1.0
    },
    "WikiText-2 (train)": {
      "baseline_loss": 3.2314738178253175,
      "n_chunks": 50,
      "center_loss": 3.352898597717285,
      "loss_min": 3.352898597717285,
      "loss_max": 55.29815521240234,
      "loss_range": 51.94525661468506,
      "loss_mean": 29.078057017460324,
      "loss_median": 29.39303855895996,
      "roughness": 0.3803406158636386,
      "quad_roughness": 1.7844906027029648,
      "kappa_1": 41.69853467474332,
      "kappa_2": 39.7304664649024,
      "curvature_ratio": 1.049535492151207,
      "basin_area_fraction": 0.01664932362122789,
      "basin_diameter": 0.30090111122547003,
      "basin_flatness": 2.853383520245552,
      "asymmetry_alpha": 1.7562677351633709,
      "convexity_ratio": 0.6585094549499444,
      "grid_range": 1.0
    },
    "WikiText-2 (val)": {
      "baseline_loss": 2.752688989639282,
      "n_chunks": 50,
      "center_loss": 2.715692329406738,
      "loss_min": 2.715692329406738,
      "loss_max": 55.26691589355469,
      "loss_range": 52.55122356414795,
      "loss_mean": 28.932342471044343,
      "loss_median": 29.176951599121093,
      "roughness": 0.3835054999877621,
      "quad_roughness": 1.854406147758276,
      "kappa_1": 42.26460783386747,
      "kappa_2": 40.17625415359459,
      "curvature_ratio": 1.051979800610178,
      "basin_area_fraction": 0.015608740894901144,
      "basin_diameter": 0.29134624815788773,
      "basin_flatness": 2.787876745859782,
      "asymmetry_alpha": 1.860349896748861,
      "convexity_ratio": 0.6501668520578421,
      "grid_range": 1.0
    },
    "Synthetic Code": {
      "baseline_loss": 0.8000886297225952,
      "n_chunks": 50,
      "center_loss": 0.7847293019294739,
      "loss_min": 0.7847293019294739,
      "loss_max": 55.158060455322264,
      "loss_range": 54.37333115339279,
      "loss_mean": 28.54740954504797,
      "loss_median": 28.830202484130858,
      "roughness": 0.4327376767699151,
      "quad_roughness": 2.0842668911197713,
      "kappa_1": 42.1369642279051,
      "kappa_2": 40.69611031410722,
      "curvature_ratio": 1.0354051997248217,
      "basin_area_fraction": 0.014568158168574402,
      "basin_diameter": 0.2814672163763168,
      "basin_flatness": 1.6789841651916502,
      "asymmetry_alpha": 2.1519455544153847,
      "convexity_ratio": 0.6479421579532815,
      "grid_range": 1.0
    },
    "Structured/Tabular": {
      "baseline_loss": 1.3250144004821778,
      "n_chunks": 50,
      "center_loss": 1.3197960138320923,
      "loss_min": 1.3197960138320923,
      "loss_max": 55.40677947998047,
      "loss_range": 54.08698346614838,
      "loss_mean": 28.49634321405786,
      "loss_median": 29.134373092651366,
      "roughness": 0.4237168084764121,
      "quad_roughness": 2.2470358044514205,
      "kappa_1": 44.37867885338845,
      "kappa_2": 41.62815393774098,
      "curvature_ratio": 1.0660736702293967,
      "basin_area_fraction": 0.021852237252861603,
      "basin_diameter": 0.3447255297217607,
      "basin_flatness": 2.4738431022280736,
      "asymmetry_alpha": 2.339644667307535,
      "convexity_ratio": 0.635706340378198,
      "grid_range": 1.0
    }
  },
  "total_time_seconds": 1839.951617717743
}